baseline,wcr,hir,rr_task,rr_event,mttr_event,mttr,cpt,cps,rco,uar,total_tasks,completed,escalated,tool_calls_total,baseline_calls,actual_calls
B0,0.36,0.0,0.0,0.0,0.0,0.0,3.56,9.88888888888889,0.0,0.16,50,18,0,178,178,178
B1,0.58,0.0,0.4,0.24324324324324326,0.0,0.0,5.98,10.310344827586206,0.430622009569378,0.16,50,29,0,299,209,299
B2,0.5,0.5,0.3055555555555556,0.3055555555555556,66.81818181818181,66.81818181818181,4.28,8.56,0.054187192118226604,0.16,50,25,25,214,203,214
B3,0.62,0.38,0.4722222222222222,0.4722222222222222,79.52941176470588,79.52941176470588,4.7,7.580645161290323,0.0779816513761468,0.16,50,31,19,235,218,235
