baseline,wcr,rr,mttr,rco,hir,uar,total_tasks,completed,total_errors,recovered,baseline_calls,actual_calls
B0,0.36,0.0,0.0,-0.288,0.0,0.16,50,18,32,0,250,178
B1,0.58,0.24324324324324326,0.0,0.196,0.0,0.16,50,29,111,27,250,299
B2,0.5,0.2463768115942029,0.0,-0.024,0.0,0.1,50,25,69,17,250,244
