baseline,wcr,hir,rr_task,rr_event,mttr_event,mttr,cpt,cps,rco,uar,srr,srr_eligible,srr_pass,total_tasks,completed,escalated,tool_calls_total,baseline_calls,actual_calls,llm_calls,error_tasks,recovered_tasks,total_error_events,recovered_error_events,preventive_predictions,preventive_prevented,preventive_win_rate
B3,0.92,0.08,0.9191919191919192,0.9191919191919192,8.274725274725276,8.274725274725276,5.79,6.293478260869565,0.1864754098360656,0.04,0.0,0,0,100,92,8,579,488,579,99,99,91,99,91,0,0,0.0
B4,0.92,0.08,0.9191919191919192,0.9191919191919192,8.67032967032967,8.67032967032967,5.79,6.293478260869565,0.1864754098360656,0.04,0.0,0,0,100,92,8,579,488,579,14,99,91,99,91,85,0,0.0
